gs://tanaman/tanaman/daun_kemuning/dk21.jpg,Daun Kemuning
gs://tanaman/tanaman/daun_kemuning/dk11.jpg,Daun Kemuning
gs://tanaman/tanaman/daun_kemuning/dk4.jpg,Daun Kemuning
gs://tanaman/tanaman/daun_kemuning/dk13.jpg,Daun Kemuning
gs://tanaman/tanaman/daun_kemuning/dk19.jpg,Daun Kemuning
gs://tanaman/tanaman/daun_kemuning/dk20.jpg,Daun Kemuning
gs://tanaman/tanaman/daun_kemuning/dk12.jpg,Daun Kemuning
gs://tanaman/tanaman/daun_kemuning/dk18.jpg,Daun Kemuning
gs://tanaman/tanaman/daun_kemuning/dk5.jpg,Daun Kemuning
gs://tanaman/tanaman/daun_kemuning/dk9.jpg,Daun Kemuning
gs://tanaman/tanaman/daun_kemuning/dk15.jpg,Daun Kemuning
gs://tanaman/tanaman/daun_kemuning/dk1.jpg,Daun Kemuning
gs://tanaman/tanaman/daun_kemuning/dk14.jpg,Daun Kemuning
gs://tanaman/tanaman/daun_kemuning/dk22.jpg,Daun Kemuning
gs://tanaman/tanaman/daun_kemuning/dk8.jpg,Daun Kemuning
gs://tanaman/tanaman/daun_kemuning/dk16.jpg,Daun Kemuning
gs://tanaman/tanaman/daun_kemuning/dk3.jpg,Daun Kemuning
gs://tanaman/tanaman/daun_kemuning/dk2.jpg,Daun Kemuning
gs://tanaman/tanaman/daun_kemuning/dk7.jpg,Daun Kemuning
gs://tanaman/tanaman/daun_kemuning/dk10.jpg,Daun Kemuning
gs://tanaman/tanaman/daun_kemuning/dk6.jpg,Daun Kemuning
gs://tanaman/tanaman/daun_kemuning/dk17.jpg,Daun Kemuning
gs://tanaman/tanaman/putri_malu/pm3.jpg,Putri Malu
gs://tanaman/tanaman/putri_malu/pm9.jpg,Putri Malu
gs://tanaman/tanaman/putri_malu/pm23.jpg,Putri Malu
gs://tanaman/tanaman/putri_malu/pm12.jpg,Putri Malu
gs://tanaman/tanaman/putri_malu/pm8.jpg,Putri Malu
gs://tanaman/tanaman/putri_malu/pm7.jpg,Putri Malu
gs://tanaman/tanaman/putri_malu/pm22.jpg,Putri Malu
gs://tanaman/tanaman/putri_malu/pm2.jpg,Putri Malu
gs://tanaman/tanaman/putri_malu/pm15.jpg,Putri Malu
gs://tanaman/tanaman/putri_malu/pm24.jpg,Putri Malu
gs://tanaman/tanaman/putri_malu/pm13.jpg,Putri Malu
gs://tanaman/tanaman/putri_malu/pm20.jpg,Putri Malu
gs://tanaman/tanaman/putri_malu/pm11.jpg,Putri Malu
gs://tanaman/tanaman/putri_malu/pm16.jpg,Putri Malu
gs://tanaman/tanaman/putri_malu/pm18.jpg,Putri Malu
gs://tanaman/tanaman/putri_malu/pm14.jpg,Putri Malu
gs://tanaman/tanaman/putri_malu/pm21.jpg,Putri Malu
gs://tanaman/tanaman/putri_malu/pm6.jpg,Putri Malu
gs://tanaman/tanaman/putri_malu/pm17.jpg,Putri Malu
gs://tanaman/tanaman/putri_malu/pm10.jpg,Putri Malu
gs://tanaman/tanaman/putri_malu/pm4.jpg,Putri Malu
gs://tanaman/tanaman/putri_malu/pm1.jpg,Putri Malu
gs://tanaman/tanaman/putri_malu/pm5.jpg,Putri Malu
gs://tanaman/tanaman/putri_malu/pm19.jpg,Putri Malu
gs://tanaman/tanaman/bayam_duri/bd10.jpg,Daun Bayam Duri
gs://tanaman/tanaman/bayam_duri/bd4.jpg,Daun Bayam Duri
gs://tanaman/tanaman/bayam_duri/bd15.jpg,Daun Bayam Duri
gs://tanaman/tanaman/bayam_duri/bd20.jpg,Daun Bayam Duri
gs://tanaman/tanaman/bayam_duri/bd21.jpg,Daun Bayam Duri
gs://tanaman/tanaman/bayam_duri/bd3.jpg,Daun Bayam Duri
gs://tanaman/tanaman/bayam_duri/bd2.jpg,Daun Bayam Duri
gs://tanaman/tanaman/bayam_duri/bd17.jpg,Daun Bayam Duri
gs://tanaman/tanaman/bayam_duri/bd5.jpg,Daun Bayam Duri
gs://tanaman/tanaman/bayam_duri/bd22.jpg,Daun Bayam Duri
gs://tanaman/tanaman/bayam_duri/bd6.jpg,Daun Bayam Duri
gs://tanaman/tanaman/bayam_duri/bd24.jpg,Daun Bayam Duri
gs://tanaman/tanaman/bayam_duri/bd1.jpg,Daun Bayam Duri
gs://tanaman/tanaman/bayam_duri/bd14.jpg,Daun Bayam Duri
gs://tanaman/tanaman/bayam_duri/bd16.jpg,Daun Bayam Duri
gs://tanaman/tanaman/bayam_duri/bd19.jpg,Daun Bayam Duri
gs://tanaman/tanaman/bayam_duri/bd23.jpg,Daun Bayam Duri
gs://tanaman/tanaman/bayam_duri/bd9.jpg,Daun Bayam Duri
gs://tanaman/tanaman/bayam_duri/bd18.jpg,Daun Bayam Duri
gs://tanaman/tanaman/bayam_duri/bd25.jpg,Daun Bayam Duri
gs://tanaman/tanaman/bayam_duri/bd12.jpg,Daun Bayam Duri
gs://tanaman/tanaman/bayam_duri/bd13.jpg,Daun Bayam Duri
gs://tanaman/tanaman/bayam_duri/bd7.jpg,Daun Bayam Duri
gs://tanaman/tanaman/bayam_duri/bd8.jpg,Daun Bayam Duri
gs://tanaman/tanaman/bayam_duri/bd11.jpg,Daun Bayam Duri
gs://tanaman/tanaman/daun_dewa/dd25.jpg,Daun Dewa
gs://tanaman/tanaman/daun_dewa/dd16.jpg,Daun Dewa
gs://tanaman/tanaman/daun_dewa/dd26.jpg,Daun Dewa
gs://tanaman/tanaman/daun_dewa/dd6.jpg,Daun Dewa
gs://tanaman/tanaman/daun_dewa/dd1.jpg,Daun Dewa
gs://tanaman/tanaman/daun_dewa/dd5.jpg,Daun Dewa
gs://tanaman/tanaman/daun_dewa/dd10.jpg,Daun Dewa
gs://tanaman/tanaman/daun_dewa/dd8.jpg,Daun Dewa
gs://tanaman/tanaman/daun_dewa/dd9.jpg,Daun Dewa
gs://tanaman/tanaman/daun_dewa/dd13.jpg,Daun Dewa
gs://tanaman/tanaman/daun_dewa/dd19.jpg,Daun Dewa
gs://tanaman/tanaman/daun_dewa/dd20.jpg,Daun Dewa
gs://tanaman/tanaman/daun_dewa/dd3.jpg,Daun Dewa
gs://tanaman/tanaman/daun_dewa/dd17.jpg,Daun Dewa
gs://tanaman/tanaman/daun_dewa/dd7.jpg,Daun Dewa
gs://tanaman/tanaman/daun_dewa/dd24.jpg,Daun Dewa
gs://tanaman/tanaman/daun_dewa/dd2.jpg,Daun Dewa
gs://tanaman/tanaman/daun_dewa/dd23.JPG,Daun Dewa
gs://tanaman/tanaman/daun_dewa/dd15.jpg,Daun Dewa
gs://tanaman/tanaman/daun_dewa/dd21.jpg,Daun Dewa
gs://tanaman/tanaman/daun_dewa/dd4.jpeg,Daun Dewa
gs://tanaman/tanaman/daun_dewa/dd18.jpg,Daun Dewa
gs://tanaman/tanaman/daun_dewa/dd11.jpg,Daun Dewa
gs://tanaman/tanaman/daun_dewa/dd22.jpg,Daun Dewa
gs://tanaman/tanaman/daun_dewa/dd14.jpg,Daun Dewa
gs://tanaman/tanaman/daun_dewa/dd12.jpg,Daun Dewa
gs://tanaman/tanaman/bakung/bk19.jpg,Bakung
gs://tanaman/tanaman/bakung/bk12.jpg,Bakung
gs://tanaman/tanaman/bakung/bk3.jpg,Bakung
gs://tanaman/tanaman/bakung/bk20.jpg,Bakung
gs://tanaman/tanaman/bakung/bk16.jpg,Bakung
gs://tanaman/tanaman/bakung/bk27.jpg,Bakung
gs://tanaman/tanaman/bakung/bk10.jpg,Bakung
gs://tanaman/tanaman/bakung/bk13.jpg,Bakung
gs://tanaman/tanaman/bakung/bk21.jpg,Bakung
gs://tanaman/tanaman/bakung/bk11.jpg,Bakung
gs://tanaman/tanaman/bakung/bk26.jpg,Bakung
gs://tanaman/tanaman/bakung/bk30.jpg,Bakung
gs://tanaman/tanaman/bakung/bk7.jpg,Bakung
gs://tanaman/tanaman/bakung/bk5.jpg,Bakung
gs://tanaman/tanaman/bakung/bk6.jpg,Bakung
gs://tanaman/tanaman/bakung/bk18.jpg,Bakung
gs://tanaman/tanaman/bakung/bk23.jpg,Bakung
gs://tanaman/tanaman/bakung/bk15.jpg,Bakung
gs://tanaman/tanaman/bakung/bk9.jpg,Bakung
gs://tanaman/tanaman/bakung/bk8.jpg,Bakung
gs://tanaman/tanaman/bakung/bk28.jpg,Bakung
gs://tanaman/tanaman/bakung/bk2.jpg,Bakung
gs://tanaman/tanaman/bakung/bk24.jpg,Bakung
gs://tanaman/tanaman/bakung/bk22.jpg,Bakung
gs://tanaman/tanaman/bakung/bk14.jpg,Bakung
gs://tanaman/tanaman/bakung/bk17.jpg,Bakung
gs://tanaman/tanaman/bakung/bk1.jpg,Bakung
gs://tanaman/tanaman/bakung/bk25.jpg,Bakung
gs://tanaman/tanaman/bakung/bk29.jpg,Bakung
gs://tanaman/tanaman/bakung/bk4.jpg,Bakung
gs://tanaman/tanaman/jeruk_nipis/jn13.jpg,Jeruk Nipis
gs://tanaman/tanaman/jeruk_nipis/jn12.jpg,Jeruk Nipis
gs://tanaman/tanaman/jeruk_nipis/jn6.jpg,Jeruk Nipis
gs://tanaman/tanaman/jeruk_nipis/jn1.jpg,Jeruk Nipis
gs://tanaman/tanaman/jeruk_nipis/jn15.jpg,Jeruk Nipis
gs://tanaman/tanaman/jeruk_nipis/jn24.jpg,Jeruk Nipis
gs://tanaman/tanaman/jeruk_nipis/jn21.jpg,Jeruk Nipis
gs://tanaman/tanaman/jeruk_nipis/jn17.jpg,Jeruk Nipis
gs://tanaman/tanaman/jeruk_nipis/jn3.jpg,Jeruk Nipis
gs://tanaman/tanaman/jeruk_nipis/jn23.jpg,Jeruk Nipis
gs://tanaman/tanaman/jeruk_nipis/jn19.jpg,Jeruk Nipis
gs://tanaman/tanaman/jeruk_nipis/jn7.jpg,Jeruk Nipis
gs://tanaman/tanaman/jeruk_nipis/jn18.jpg,Jeruk Nipis
gs://tanaman/tanaman/jeruk_nipis/jn4.jpg,Jeruk Nipis
gs://tanaman/tanaman/jeruk_nipis/jn8.jpg,Jeruk Nipis
gs://tanaman/tanaman/jeruk_nipis/jn10.jpg,Jeruk Nipis
gs://tanaman/tanaman/jeruk_nipis/jn9.jpg,Jeruk Nipis
gs://tanaman/tanaman/jeruk_nipis/jn5.jpg,Jeruk Nipis
gs://tanaman/tanaman/jeruk_nipis/jn14.jpg,Jeruk Nipis
gs://tanaman/tanaman/jeruk_nipis/jn16.jpg,Jeruk Nipis
gs://tanaman/tanaman/jeruk_nipis/jn20.jpg,Jeruk Nipis
gs://tanaman/tanaman/jeruk_nipis/jn11.jpg,Jeruk Nipis
gs://tanaman/tanaman/jeruk_nipis/jn2.jpg,Jeruk Nipis
gs://tanaman/tanaman/jeruk_nipis/jn22.jpg,Jeruk Nipis
gs://tanaman/tanaman/kayu_manis/ky5.jpg,Kayu Manis
gs://tanaman/tanaman/kayu_manis/ky19.jpg,Kayu Manis
gs://tanaman/tanaman/kayu_manis/ky23.jpg,Kayu Manis
gs://tanaman/tanaman/kayu_manis/ky16.jpg,Kayu Manis
gs://tanaman/tanaman/kayu_manis/ky9.jpg,Kayu Manis
gs://tanaman/tanaman/kayu_manis/ky18.jpg,Kayu Manis
gs://tanaman/tanaman/kayu_manis/ky3.jpg,Kayu Manis
gs://tanaman/tanaman/kayu_manis/ky2.jpg,Kayu Manis
gs://tanaman/tanaman/kayu_manis/ky13.jpg,Kayu Manis
gs://tanaman/tanaman/kayu_manis/ky17.jpg,Kayu Manis
gs://tanaman/tanaman/kayu_manis/ky15.jpg,Kayu Manis
gs://tanaman/tanaman/kayu_manis/ky6.jpg,Kayu Manis
gs://tanaman/tanaman/kayu_manis/ky21.jpg,Kayu Manis
gs://tanaman/tanaman/kayu_manis/ky4.jpg,Kayu Manis
gs://tanaman/tanaman/kayu_manis/ky22.jpg,Kayu Manis
gs://tanaman/tanaman/kayu_manis/ky1.jpg,Kayu Manis
gs://tanaman/tanaman/kayu_manis/ky24.jpg,Kayu Manis
gs://tanaman/tanaman/kayu_manis/ky10.jpg,Kayu Manis
gs://tanaman/tanaman/kayu_manis/ky8.jpg,Kayu Manis
gs://tanaman/tanaman/kayu_manis/ky14.jpg,Kayu Manis
gs://tanaman/tanaman/kayu_manis/ky20.jpg,Kayu Manis
gs://tanaman/tanaman/kayu_manis/ky12.jpg,Kayu Manis
gs://tanaman/tanaman/kayu_manis/ky7.jpg,Kayu Manis
gs://tanaman/tanaman/kayu_manis/ky11.jpg,Kayu Manis
gs://tanaman/tanaman/mengkudu/me19.jpg,Mengkudu
gs://tanaman/tanaman/mengkudu/me8.jpg,Mengkudu
gs://tanaman/tanaman/mengkudu/me22.jpg,Mengkudu
gs://tanaman/tanaman/mengkudu/me20.jpg,Mengkudu
gs://tanaman/tanaman/mengkudu/me17.jpg,Mengkudu
gs://tanaman/tanaman/mengkudu/me12.jpg,Mengkudu
gs://tanaman/tanaman/mengkudu/me4.jpg,Mengkudu
gs://tanaman/tanaman/mengkudu/me11.jpg,Mengkudu
gs://tanaman/tanaman/mengkudu/me18.jpg,Mengkudu
gs://tanaman/tanaman/mengkudu/me16.jpg,Mengkudu
gs://tanaman/tanaman/mengkudu/me24.jpg,Mengkudu
gs://tanaman/tanaman/mengkudu/me13.jpg,Mengkudu
gs://tanaman/tanaman/mengkudu/me15.jpg,Mengkudu
gs://tanaman/tanaman/mengkudu/me2.jpg,Mengkudu
gs://tanaman/tanaman/mengkudu/me10.jpg,Mengkudu
gs://tanaman/tanaman/mengkudu/me21.jpg,Mengkudu
gs://tanaman/tanaman/mengkudu/me23.jpg,Mengkudu
gs://tanaman/tanaman/mengkudu/me14.jpg,Mengkudu
gs://tanaman/tanaman/mengkudu/me3.jpg,Mengkudu
gs://tanaman/tanaman/mengkudu/me7.jpg,Mengkudu
gs://tanaman/tanaman/mengkudu/me6.jpg,Mengkudu
gs://tanaman/tanaman/mengkudu/me1.jpg,Mengkudu
gs://tanaman/tanaman/mengkudu/me5.jpg,Mengkudu
gs://tanaman/tanaman/mengkudu/me9.jpg,Mengkudu
gs://tanaman/tanaman/bawang_merah/bm2.jpg,Bawang Merah
gs://tanaman/tanaman/bawang_merah/bm5.jpg,Bawang Merah
gs://tanaman/tanaman/bawang_merah/bm7.png,Bawang Merah
gs://tanaman/tanaman/bawang_merah/bm1.jpg,Bawang Merah
gs://tanaman/tanaman/bawang_merah/bm23.jpg,Bawang Merah
gs://tanaman/tanaman/bawang_merah/bm15.jpeg,Bawang Merah
gs://tanaman/tanaman/bawang_merah/bm14.jpg,Bawang Merah
gs://tanaman/tanaman/bawang_merah/bm21.jpg,Bawang Merah
gs://tanaman/tanaman/bawang_merah/bm12.jpg,Bawang Merah
gs://tanaman/tanaman/bawang_merah/bm16.jpg,Bawang Merah
gs://tanaman/tanaman/bawang_merah/bm4.png,Bawang Merah
gs://tanaman/tanaman/bawang_merah/bm13.jpg,Bawang Merah
gs://tanaman/tanaman/bawang_merah/bm8.jpg,Bawang Merah
gs://tanaman/tanaman/bawang_merah/bm20.jpg,Bawang Merah
gs://tanaman/tanaman/bawang_merah/bm24.jpg,Bawang Merah
gs://tanaman/tanaman/bawang_merah/bm25.jpg,Bawang Merah
gs://tanaman/tanaman/bawang_merah/bm11.jpg,Bawang Merah
gs://tanaman/tanaman/bawang_merah/bm17.jpg,Bawang Merah
gs://tanaman/tanaman/bawang_merah/bm3.jpg,Bawang Merah
gs://tanaman/tanaman/bawang_merah/bm9.jpg,Bawang Merah
gs://tanaman/tanaman/bawang_merah/bm6.jpg,Bawang Merah
gs://tanaman/tanaman/bawang_merah/bm10.jpg,Bawang Merah
gs://tanaman/tanaman/bawang_merah/bm18.jpg,Bawang Merah
gs://tanaman/tanaman/bawang_merah/bm22.jpg,Bawang Merah
gs://tanaman/tanaman/bawang_merah/bm19.jpg,Bawang Merah
gs://tanaman/tanaman/daun_pepaya/pp6.jpg,Daun Pepaya
gs://tanaman/tanaman/daun_pepaya/pp24.jpg,Daun Pepaya
gs://tanaman/tanaman/daun_pepaya/pp3.jpg,Daun Pepaya
gs://tanaman/tanaman/daun_pepaya/pp12.jpg,Daun Pepaya
gs://tanaman/tanaman/daun_pepaya/pp5.jpg,Daun Pepaya
gs://tanaman/tanaman/daun_pepaya/pp21.jpg,Daun Pepaya
gs://tanaman/tanaman/daun_pepaya/pp4.jpg,Daun Pepaya
gs://tanaman/tanaman/daun_pepaya/pp7.jpg,Daun Pepaya
gs://tanaman/tanaman/daun_pepaya/pp14.jpg,Daun Pepaya
gs://tanaman/tanaman/daun_pepaya/pp20.jpg,Daun Pepaya
gs://tanaman/tanaman/daun_pepaya/pp10.jpg,Daun Pepaya
gs://tanaman/tanaman/daun_pepaya/pp9.jpg,Daun Pepaya
gs://tanaman/tanaman/daun_pepaya/pp17.jpg,Daun Pepaya
gs://tanaman/tanaman/daun_pepaya/pp18.jpg,Daun Pepaya
gs://tanaman/tanaman/daun_pepaya/pp22.jpg,Daun Pepaya
gs://tanaman/tanaman/daun_pepaya/pp11.jpg,Daun Pepaya
gs://tanaman/tanaman/daun_pepaya/pp19.jpg,Daun Pepaya
gs://tanaman/tanaman/daun_pepaya/pp1.jpg,Daun Pepaya
gs://tanaman/tanaman/daun_pepaya/pp23.jpg,Daun Pepaya
gs://tanaman/tanaman/daun_pepaya/pp15.jpg,Daun Pepaya
gs://tanaman/tanaman/daun_pepaya/pp16.jpg,Daun Pepaya
gs://tanaman/tanaman/daun_pepaya/pp13.jpg,Daun Pepaya
gs://tanaman/tanaman/daun_pepaya/pp8.jpg,Daun Pepaya
gs://tanaman/tanaman/daun_pepaya/pp2.jpg,Daun Pepaya
gs://tanaman/tanaman/brotowali/bt13.jpg,Brotowali
gs://tanaman/tanaman/brotowali/bt6.jpeg,Brotowali
gs://tanaman/tanaman/brotowali/bt2.jpg,Brotowali
gs://tanaman/tanaman/brotowali/bt18.jpg,Brotowali
gs://tanaman/tanaman/brotowali/bt5.jpg,Brotowali
gs://tanaman/tanaman/brotowali/bt20.jpg,Brotowali
gs://tanaman/tanaman/brotowali/bt17.jpg,Brotowali
gs://tanaman/tanaman/brotowali/bt25.jpg,Brotowali
gs://tanaman/tanaman/brotowali/bt11.jpeg,Brotowali
gs://tanaman/tanaman/brotowali/bt10.jpg,Brotowali
gs://tanaman/tanaman/brotowali/bt16.jpg,Brotowali
gs://tanaman/tanaman/brotowali/bt21.jpg,Brotowali
gs://tanaman/tanaman/brotowali/bt12.jpg,Brotowali
gs://tanaman/tanaman/brotowali/bt19.jpg,Brotowali
gs://tanaman/tanaman/brotowali/bt3.jpg,Brotowali
gs://tanaman/tanaman/brotowali/bt23.jpg,Brotowali
gs://tanaman/tanaman/brotowali/bt14.jpg,Brotowali
gs://tanaman/tanaman/brotowali/bt4.jpg,Brotowali
gs://tanaman/tanaman/brotowali/bt9.jpg,Brotowali
gs://tanaman/tanaman/brotowali/bt8.jpg,Brotowali
gs://tanaman/tanaman/brotowali/bt15.jpg,Brotowali
gs://tanaman/tanaman/brotowali/bt7.jpg,Brotowali
gs://tanaman/tanaman/brotowali/bt24.jpg,Brotowali
gs://tanaman/tanaman/brotowali/bt1.jpg,Brotowali
gs://tanaman/tanaman/brotowali/bt22.jpg,Brotowali
gs://tanaman/tanaman/daun_salam/sl11.jpg,Daun Salam
gs://tanaman/tanaman/daun_salam/sl7.jpg,Daun Salam
gs://tanaman/tanaman/daun_salam/sl15.jpg,Daun Salam
gs://tanaman/tanaman/daun_salam/sl19.jpg,Daun Salam
gs://tanaman/tanaman/daun_salam/sl18.jpg,Daun Salam
gs://tanaman/tanaman/daun_salam/sl16.jpg,Daun Salam
gs://tanaman/tanaman/daun_salam/sl5.jpg,Daun Salam
gs://tanaman/tanaman/daun_salam/sl24.jpg,Daun Salam
gs://tanaman/tanaman/daun_salam/sl8.jpg,Daun Salam
gs://tanaman/tanaman/daun_salam/sl14.jpg,Daun Salam
gs://tanaman/tanaman/daun_salam/sl4.jpg,Daun Salam
gs://tanaman/tanaman/daun_salam/sl9.jpg,Daun Salam
gs://tanaman/tanaman/daun_salam/sl23.jpg,Daun Salam
gs://tanaman/tanaman/daun_salam/sl25.jpg,Daun Salam
gs://tanaman/tanaman/daun_salam/sl1.jpg,Daun Salam
gs://tanaman/tanaman/daun_salam/sl20.jpg,Daun Salam
gs://tanaman/tanaman/daun_salam/sl12.jpg,Daun Salam
gs://tanaman/tanaman/daun_salam/sl10.jpg,Daun Salam
gs://tanaman/tanaman/daun_salam/sl22.jpg,Daun Salam
gs://tanaman/tanaman/daun_salam/sl13.jpg,Daun Salam
gs://tanaman/tanaman/daun_salam/sl6.jpg,Daun Salam
gs://tanaman/tanaman/daun_salam/sl21.jpg,Daun Salam
gs://tanaman/tanaman/daun_salam/sl2.jpeg,Daun Salam
gs://tanaman/tanaman/daun_salam/sl17.jpg,Daun Salam
gs://tanaman/tanaman/daun_salam/sl3.jpg,Daun Salam
gs://tanaman/tanaman/belimbing_wuluh/bw23.jpg,Belimbing Wuluh
gs://tanaman/tanaman/belimbing_wuluh/bw19.jpg,Belimbing Wuluh
gs://tanaman/tanaman/belimbing_wuluh/bw17.jpg,Belimbing Wuluh
gs://tanaman/tanaman/belimbing_wuluh/bw9.jpg,Belimbing Wuluh
gs://tanaman/tanaman/belimbing_wuluh/bw15.jpg,Belimbing Wuluh
gs://tanaman/tanaman/belimbing_wuluh/bw13.jpg,Belimbing Wuluh
gs://tanaman/tanaman/belimbing_wuluh/bw22.jpg,Belimbing Wuluh
gs://tanaman/tanaman/belimbing_wuluh/bw25.jpg,Belimbing Wuluh
gs://tanaman/tanaman/belimbing_wuluh/bw2.jfif,Belimbing Wuluh
gs://tanaman/tanaman/belimbing_wuluh/bw3.jpg,Belimbing Wuluh
gs://tanaman/tanaman/belimbing_wuluh/bw16.jpg,Belimbing Wuluh
gs://tanaman/tanaman/belimbing_wuluh/bw7.jpg,Belimbing Wuluh
gs://tanaman/tanaman/belimbing_wuluh/bw6.jpg,Belimbing Wuluh
gs://tanaman/tanaman/belimbing_wuluh/bw18.jpg,Belimbing Wuluh
gs://tanaman/tanaman/belimbing_wuluh/bw24.jpg,Belimbing Wuluh
gs://tanaman/tanaman/belimbing_wuluh/bw21.jpg,Belimbing Wuluh
gs://tanaman/tanaman/belimbing_wuluh/bw1.jpg,Belimbing Wuluh
gs://tanaman/tanaman/belimbing_wuluh/bw12.jpg,Belimbing Wuluh
gs://tanaman/tanaman/belimbing_wuluh/bw5.jpg,Belimbing Wuluh
gs://tanaman/tanaman/belimbing_wuluh/bw11.jpg,Belimbing Wuluh
gs://tanaman/tanaman/belimbing_wuluh/bw10.jpg,Belimbing Wuluh
gs://tanaman/tanaman/belimbing_wuluh/bw8.png,Belimbing Wuluh
gs://tanaman/tanaman/belimbing_wuluh/bw4.jpg,Belimbing Wuluh
gs://tanaman/tanaman/belimbing_wuluh/bw14.png,Belimbing Wuluh
gs://tanaman/tanaman/belimbing_wuluh/bw20.JPG,Belimbing Wuluh
gs://tanaman/tanaman/daun_pacar_cina/pc5.jpg,Daun Pacar Cina
gs://tanaman/tanaman/daun_pacar_cina/pc19.jpg,Daun Pacar Cina
gs://tanaman/tanaman/daun_pacar_cina/pc9.jpg,Daun Pacar Cina
gs://tanaman/tanaman/daun_pacar_cina/pc1.jpg,Daun Pacar Cina
gs://tanaman/tanaman/daun_pacar_cina/pc14.jpg,Daun Pacar Cina
gs://tanaman/tanaman/daun_pacar_cina/pc13.jpg,Daun Pacar Cina
gs://tanaman/tanaman/daun_pacar_cina/pc15.jpg,Daun Pacar Cina
gs://tanaman/tanaman/daun_pacar_cina/pc8.jpg,Daun Pacar Cina
gs://tanaman/tanaman/daun_pacar_cina/pc20.jpg,Daun Pacar Cina
gs://tanaman/tanaman/daun_pacar_cina/pc16.jpg,Daun Pacar Cina
gs://tanaman/tanaman/daun_pacar_cina/pc3.jpg,Daun Pacar Cina
gs://tanaman/tanaman/daun_pacar_cina/pc6.jpg,Daun Pacar Cina
gs://tanaman/tanaman/daun_pacar_cina/pc12.jpg,Daun Pacar Cina
gs://tanaman/tanaman/daun_pacar_cina/pc4.jpg,Daun Pacar Cina
gs://tanaman/tanaman/daun_pacar_cina/pc10.jpg,Daun Pacar Cina
gs://tanaman/tanaman/daun_pacar_cina/pc18.jpg,Daun Pacar Cina
gs://tanaman/tanaman/daun_pacar_cina/pc2.jpg,Daun Pacar Cina
gs://tanaman/tanaman/daun_pacar_cina/pc17.jpg,Daun Pacar Cina
gs://tanaman/tanaman/daun_pacar_cina/pc7.jpg,Daun Pacar Cina
gs://tanaman/tanaman/daun_pacar_cina/pc11.jpg,Daun Pacar Cina
gs://tanaman/tanaman/cengkeh/ck2.jpg,Cengkeh
gs://tanaman/tanaman/cengkeh/ck12.jpeg,Cengkeh
gs://tanaman/tanaman/cengkeh/ck17.jpeg,Cengkeh
gs://tanaman/tanaman/cengkeh/ck5.jpeg,Cengkeh
gs://tanaman/tanaman/cengkeh/ck3.jpg,Cengkeh
gs://tanaman/tanaman/cengkeh/ck8.jpeg,Cengkeh
gs://tanaman/tanaman/cengkeh/ck15.jpeg,Cengkeh
gs://tanaman/tanaman/cengkeh/ck24.jpeg,Cengkeh
gs://tanaman/tanaman/cengkeh/ck19.jpeg,Cengkeh
gs://tanaman/tanaman/cengkeh/ck4.jpeg,Cengkeh
gs://tanaman/tanaman/cengkeh/ck13.jpeg,Cengkeh
gs://tanaman/tanaman/cengkeh/ck11.jpeg,Cengkeh
gs://tanaman/tanaman/cengkeh/ck1.jpg,Cengkeh
gs://tanaman/tanaman/cengkeh/ck14.jpeg,Cengkeh
gs://tanaman/tanaman/cengkeh/ck10.jpeg,Cengkeh
gs://tanaman/tanaman/cengkeh/ck7.jpeg,Cengkeh
gs://tanaman/tanaman/cengkeh/ck20.jpeg,Cengkeh
gs://tanaman/tanaman/cengkeh/ck6.jpeg,Cengkeh
gs://tanaman/tanaman/cengkeh/ck22.jpeg,Cengkeh
gs://tanaman/tanaman/cengkeh/ck21.jpeg,Cengkeh
gs://tanaman/tanaman/cengkeh/ck23.jpeg,Cengkeh
gs://tanaman/tanaman/cengkeh/ck9.jpeg,Cengkeh
gs://tanaman/tanaman/cengkeh/ck18.jpeg,Cengkeh
gs://tanaman/tanaman/cengkeh/ck16.jpeg,Cengkeh
gs://tanaman/tanaman/daun_sukun/su5.jpg,Daun Sukun
gs://tanaman/tanaman/daun_sukun/su15.jpg,Daun Sukun
gs://tanaman/tanaman/daun_sukun/su11.jpg,Daun Sukun
gs://tanaman/tanaman/daun_sukun/su16.jpg,Daun Sukun
gs://tanaman/tanaman/daun_sukun/su22.jpg,Daun Sukun
gs://tanaman/tanaman/daun_sukun/su6.jpg,Daun Sukun
gs://tanaman/tanaman/daun_sukun/su24.jpg,Daun Sukun
gs://tanaman/tanaman/daun_sukun/su20.jpg,Daun Sukun
gs://tanaman/tanaman/daun_sukun/su10.jpg,Daun Sukun
gs://tanaman/tanaman/daun_sukun/su4.jpg,Daun Sukun
gs://tanaman/tanaman/daun_sukun/de20.jpg,Delima
gs://tanaman/tanaman/daun_sukun/su23.jpg,Daun Sukun
gs://tanaman/tanaman/daun_sukun/su12.jpg,Daun Sukun
gs://tanaman/tanaman/daun_sukun/su3.jpg,Daun Sukun
gs://tanaman/tanaman/daun_sukun/su18.jpg,Daun Sukun
gs://tanaman/tanaman/daun_sukun/su13.jpg,Daun Sukun
gs://tanaman/tanaman/daun_sukun/su9.jpg,Daun Sukun
gs://tanaman/tanaman/daun_sukun/su2.jpg,Daun Sukun
gs://tanaman/tanaman/daun_sukun/su17.jpg,Daun Sukun
gs://tanaman/tanaman/daun_sukun/su1.jpg,Daun Sukun
gs://tanaman/tanaman/daun_sukun/su21.jpg,Daun Sukun
gs://tanaman/tanaman/daun_sukun/su19.jpg,Daun Sukun
gs://tanaman/tanaman/daun_sukun/su7.jpg,Daun Sukun
gs://tanaman/tanaman/daun_sukun/su25.jpg,Daun Sukun
gs://tanaman/tanaman/daun_sukun/su8.jpg,Daun Sukun
gs://tanaman/tanaman/daun_sukun/su14.jpg,Daun Sukun
gs://tanaman/tanaman/delima/de17.jpg,Delima
gs://tanaman/tanaman/delima/de13.jpg,Delima
gs://tanaman/tanaman/delima/de12.jpg,Delima
gs://tanaman/tanaman/delima/de8.jpg,Delima
gs://tanaman/tanaman/delima/de3.jpg,Delima
gs://tanaman/tanaman/delima/de19.jpg,Delima
gs://tanaman/tanaman/delima/de7.jpg,Delima
gs://tanaman/tanaman/delima/de6.jpg,Delima
gs://tanaman/tanaman/delima/de16.jpg,Delima
gs://tanaman/tanaman/delima/de10.jpg,Delima
gs://tanaman/tanaman/delima/de9.jpg,Delima
gs://tanaman/tanaman/delima/de18.jpg,Delima
gs://tanaman/tanaman/delima/de15.jpg,Delima
gs://tanaman/tanaman/delima/de11.jpg,Delima
gs://tanaman/tanaman/delima/de1.jpg,Delima
gs://tanaman/tanaman/delima/de2.jpg,Delima
gs://tanaman/tanaman/delima/de14.jpg,Delima
gs://tanaman/tanaman/delima/de4.jpg,Delima
gs://tanaman/tanaman/delima/de5.jpg,Delima
gs://tanaman/tanaman/kangkung/kg24.jpg,Kangkung
gs://tanaman/tanaman/kangkung/kg6.jpg,Kangkung
gs://tanaman/tanaman/kangkung/kg14.jpg,Kangkung
gs://tanaman/tanaman/kangkung/kg2.jpg,Kangkung
gs://tanaman/tanaman/kangkung/kg8.jpg,Kangkung
gs://tanaman/tanaman/kangkung/kg15.jpg,Kangkung
gs://tanaman/tanaman/kangkung/kg13.jpg,Kangkung
gs://tanaman/tanaman/kangkung/kg11.jpg,Kangkung
gs://tanaman/tanaman/kangkung/kg16.jpg,Kangkung
gs://tanaman/tanaman/kangkung/kg3.jpg,Kangkung
gs://tanaman/tanaman/kangkung/kg17.jpg,Kangkung
gs://tanaman/tanaman/kangkung/kg9.jpg,Kangkung
gs://tanaman/tanaman/kangkung/kg21.jpg,Kangkung
gs://tanaman/tanaman/kangkung/kg20.jpg,Kangkung
gs://tanaman/tanaman/kangkung/kg1.jpg,Kangkung
gs://tanaman/tanaman/kangkung/kg23.jpg,Kangkung
gs://tanaman/tanaman/kangkung/kg18.jpg,Kangkung
gs://tanaman/tanaman/kangkung/kg12.jpg,Kangkung
gs://tanaman/tanaman/kangkung/kg19.jpg,Kangkung
gs://tanaman/tanaman/kangkung/kg7.jpg,Kangkung
gs://tanaman/tanaman/kangkung/kg22.jpg,Kangkung
gs://tanaman/tanaman/kangkung/kg10.jpg,Kangkung
gs://tanaman/tanaman/kangkung/kg5.jpg,Kangkung
gs://tanaman/tanaman/kangkung/kg4.jpg,Kangkung
gs://tanaman/tanaman/daun_saga/sg23.jpg,Daun Saga
gs://tanaman/tanaman/daun_saga/sg8.jpg,Daun Saga
gs://tanaman/tanaman/daun_saga/sg14.jpg,Daun Saga
gs://tanaman/tanaman/daun_saga/sg20.jpg,Daun Saga
gs://tanaman/tanaman/daun_saga/sg16.jpg,Daun Saga
gs://tanaman/tanaman/daun_saga/sg25.jpg,Daun Saga
gs://tanaman/tanaman/daun_saga/sg11.jpg,Daun Saga
gs://tanaman/tanaman/daun_saga/sg19.jpg,Daun Saga
gs://tanaman/tanaman/daun_saga/sg2.jpg,Daun Saga
gs://tanaman/tanaman/daun_saga/sg4.jpg,Daun Saga
gs://tanaman/tanaman/daun_saga/sg1.jpg,Daun Saga
gs://tanaman/tanaman/daun_saga/sg7.jpg,Daun Saga
gs://tanaman/tanaman/daun_saga/sg24.jpg,Daun Saga
gs://tanaman/tanaman/daun_saga/sg15.jpg,Daun Saga
gs://tanaman/tanaman/daun_saga/sg10.jpg,Daun Saga
gs://tanaman/tanaman/daun_saga/sg18.jpg,Daun Saga
gs://tanaman/tanaman/daun_saga/sg17.jpg,Daun Saga
gs://tanaman/tanaman/daun_saga/sg12.jpg,Daun Saga
gs://tanaman/tanaman/daun_saga/sg3.jpg,Daun Saga
gs://tanaman/tanaman/daun_saga/sg13.jpg,Daun Saga
gs://tanaman/tanaman/daun_saga/sg6.jpg,Daun Saga
gs://tanaman/tanaman/daun_saga/sg9.jpg,Daun Saga
gs://tanaman/tanaman/daun_saga/sg21.jpg,Daun Saga
gs://tanaman/tanaman/daun_saga/sg5.jpg,Daun Saga
gs://tanaman/tanaman/daun_saga/sg22.jpg,Daun Saga
gs://tanaman/tanaman/bunga_popi/bpi4.jpg,Bunga Popi
gs://tanaman/tanaman/bunga_popi/bpi23.jpg,Bunga Popi
gs://tanaman/tanaman/bunga_popi/bpi15.jpg,Bunga Popi
gs://tanaman/tanaman/bunga_popi/bpi1.jpg,Bunga Popi
gs://tanaman/tanaman/bunga_popi/bpi16.jpg,Bunga Popi
gs://tanaman/tanaman/bunga_popi/bpi6.jpg,Bunga Popi
gs://tanaman/tanaman/bunga_popi/bpi11.jpeg,Bunga Popi
gs://tanaman/tanaman/bunga_popi/bpi19.jpg,Bunga Popi
gs://tanaman/tanaman/bunga_popi/bpi20.jpg,Bunga Popi
gs://tanaman/tanaman/bunga_popi/bpi8.jpg,Bunga Popi
gs://tanaman/tanaman/bunga_popi/bpi22.jpeg,Bunga Popi
gs://tanaman/tanaman/bunga_popi/bpi5.jpg,Bunga Popi
gs://tanaman/tanaman/bunga_popi/bpi17.jpg,Bunga Popi
gs://tanaman/tanaman/bunga_popi/bpi7.jpg,Bunga Popi
gs://tanaman/tanaman/bunga_popi/bpi12.jpeg,Bunga Popi
gs://tanaman/tanaman/bunga_popi/bpi14.jpg,Bunga Popi
gs://tanaman/tanaman/bunga_popi/bpi24.jpeg,Bunga Popi
gs://tanaman/tanaman/bunga_popi/bpi2.jpg,Bunga Popi
gs://tanaman/tanaman/bunga_popi/bpi18.jpg,Bunga Popi
gs://tanaman/tanaman/bunga_popi/bpi3.jpg,Bunga Popi
gs://tanaman/tanaman/bunga_popi/bpi13.jpg,Bunga Popi
gs://tanaman/tanaman/bunga_popi/bpi21.jpg,Bunga Popi
gs://tanaman/tanaman/bunga_popi/bpi10.jpg,Bunga Popi
gs://tanaman/tanaman/bunga_popi/bpi9.jpg,Bunga Popi
gs://tanaman/tanaman/daun_sirih/si1.jpg,Daun Sirih
gs://tanaman/tanaman/daun_sirih/si12.jpg,Daun Sirih
gs://tanaman/tanaman/daun_sirih/si14.jpg,Daun Sirih
gs://tanaman/tanaman/daun_sirih/si9.jpg,Daun Sirih
gs://tanaman/tanaman/daun_sirih/si6.jpg,Daun Sirih
gs://tanaman/tanaman/daun_sirih/si11.jpg,Daun Sirih
gs://tanaman/tanaman/daun_sirih/si20.jpg,Daun Sirih
gs://tanaman/tanaman/daun_sirih/si4.jpg,Daun Sirih
gs://tanaman/tanaman/daun_sirih/si25.jpg,Daun Sirih
gs://tanaman/tanaman/daun_sirih/si21.jpg,Daun Sirih
gs://tanaman/tanaman/daun_sirih/si17.jpg,Daun Sirih
gs://tanaman/tanaman/daun_sirih/si22.jpg,Daun Sirih
gs://tanaman/tanaman/daun_sirih/si24.jpg,Daun Sirih
gs://tanaman/tanaman/daun_sirih/si13.jpg,Daun Sirih
gs://tanaman/tanaman/daun_sirih/si8.jpg,Daun Sirih
gs://tanaman/tanaman/daun_sirih/si3.jpg,Daun Sirih
gs://tanaman/tanaman/daun_sirih/si7.jpg,Daun Sirih
gs://tanaman/tanaman/daun_sirih/si2.jpg,Daun Sirih
gs://tanaman/tanaman/daun_sirih/si19.jpg,Daun Sirih
gs://tanaman/tanaman/daun_sirih/si5.jpg,Daun Sirih
gs://tanaman/tanaman/daun_sirih/si18.jpg,Daun Sirih
gs://tanaman/tanaman/daun_sirih/si16.jpg,Daun Sirih
gs://tanaman/tanaman/daun_sirih/si15.jpg,Daun Sirih
gs://tanaman/tanaman/daun_sirih/si23.jpg,Daun Sirih
gs://tanaman/tanaman/daun_sirih/si10.jpg,Daun Sirih
gs://tanaman/tanaman/bunga_lilin/bl8.jpg,Bunga Lilin
gs://tanaman/tanaman/bunga_lilin/bl24.jpg,Bunga Lilin
gs://tanaman/tanaman/bunga_lilin/bl3.jpg,Bunga Lilin
gs://tanaman/tanaman/bunga_lilin/bl7.jpg,Bunga Lilin
gs://tanaman/tanaman/bunga_lilin/bl19.jpg,Bunga Lilin
gs://tanaman/tanaman/bunga_lilin/bl4.jpg,Bunga Lilin
gs://tanaman/tanaman/bunga_lilin/bl18.jpg,Bunga Lilin
gs://tanaman/tanaman/bunga_lilin/bl15.jpg,Bunga Lilin
gs://tanaman/tanaman/bunga_lilin/bl20.jpg,Bunga Lilin
gs://tanaman/tanaman/bunga_lilin/bl17.jpg,Bunga Lilin
gs://tanaman/tanaman/bunga_lilin/bl13.jpg,Bunga Lilin
gs://tanaman/tanaman/bunga_lilin/bl1.jpg,Bunga Lilin
gs://tanaman/tanaman/bunga_lilin/bl9.jpg,Bunga Lilin
gs://tanaman/tanaman/bunga_lilin/bl22.jpg,Bunga Lilin
gs://tanaman/tanaman/bunga_lilin/bl23.jpg,Bunga Lilin
gs://tanaman/tanaman/bunga_lilin/bl5.jpg,Bunga Lilin
gs://tanaman/tanaman/bunga_lilin/bl21.jpg,Bunga Lilin
gs://tanaman/tanaman/bunga_lilin/bl12.JPG,Bunga Lilin
gs://tanaman/tanaman/bunga_lilin/bl14.jpg,Bunga Lilin
gs://tanaman/tanaman/bunga_lilin/bl2.jpg,Bunga Lilin
gs://tanaman/tanaman/bunga_lilin/bl16.jpg,Bunga Lilin
gs://tanaman/tanaman/bunga_lilin/bl10.jpg,Bunga Lilin
gs://tanaman/tanaman/bunga_lilin/bl6.jpg,Bunga Lilin
gs://tanaman/tanaman/bunga_lilin/bl11.jpg,Bunga Lilin
gs://tanaman/tanaman/kumis_kucing/kk14.jpg,Kumis Kucing
gs://tanaman/tanaman/kumis_kucing/kk8.jpeg,Kumis Kucing
gs://tanaman/tanaman/kumis_kucing/kk4.jpeg,Kumis Kucing
gs://tanaman/tanaman/kumis_kucing/kk23.jpg,Kumis Kucing
gs://tanaman/tanaman/kumis_kucing/kk12.jpg,Kumis Kucing
gs://tanaman/tanaman/kumis_kucing/kk5.jpg,Kumis Kucing
gs://tanaman/tanaman/kumis_kucing/kk2.jpg,Kumis Kucing
gs://tanaman/tanaman/kumis_kucing/kk3.jpg,Kumis Kucing
gs://tanaman/tanaman/kumis_kucing/kk11.jpeg,Kumis Kucing
gs://tanaman/tanaman/kumis_kucing/kk22.png,Kumis Kucing
gs://tanaman/tanaman/kumis_kucing/kk17.jpg,Kumis Kucing
gs://tanaman/tanaman/kumis_kucing/kk24.jpg,Kumis Kucing
gs://tanaman/tanaman/kumis_kucing/kk10.jpg,Kumis Kucing
gs://tanaman/tanaman/kumis_kucing/kk7.jpg,Kumis Kucing
gs://tanaman/tanaman/kumis_kucing/kk21.jpg,Kumis Kucing
gs://tanaman/tanaman/kumis_kucing/kk1.jpg,Kumis Kucing
gs://tanaman/tanaman/kumis_kucing/kk18.jpg,Kumis Kucing
gs://tanaman/tanaman/kumis_kucing/kk19.jfif,Kumis Kucing
gs://tanaman/tanaman/kumis_kucing/kk13.jpg,Kumis Kucing
gs://tanaman/tanaman/kumis_kucing/kk16.png,Kumis Kucing
gs://tanaman/tanaman/kumis_kucing/kk6.jpg,Kumis Kucing
gs://tanaman/tanaman/kumis_kucing/kk15.jpg,Kumis Kucing
gs://tanaman/tanaman/kumis_kucing/kk9.jpg,Kumis Kucing
gs://tanaman/tanaman/kumis_kucing/kk20.jpg,Kumis Kucing
gs://tanaman/tanaman/lidah_buaya/lb11.jpg,Lidah Buaya
gs://tanaman/tanaman/lidah_buaya/lb13.jpg,Lidah Buaya
gs://tanaman/tanaman/lidah_buaya/lb15.png,Lidah Buaya
gs://tanaman/tanaman/lidah_buaya/lb12.jpg,Lidah Buaya
gs://tanaman/tanaman/lidah_buaya/lb14.jpg,Lidah Buaya
gs://tanaman/tanaman/lidah_buaya/lb20.jpg,Lidah Buaya
gs://tanaman/tanaman/lidah_buaya/lb10.jpg,Lidah Buaya
gs://tanaman/tanaman/lidah_buaya/lb23.jpg,Lidah Buaya
gs://tanaman/tanaman/lidah_buaya/lb5.jpg,Lidah Buaya
gs://tanaman/tanaman/lidah_buaya/lb22.jpg,Lidah Buaya
gs://tanaman/tanaman/lidah_buaya/lb21.jpg,Lidah Buaya
gs://tanaman/tanaman/lidah_buaya/lb19.jpg,Lidah Buaya
gs://tanaman/tanaman/lidah_buaya/lb16.jpg,Lidah Buaya
gs://tanaman/tanaman/lidah_buaya/lb6.jpg,Lidah Buaya
gs://tanaman/tanaman/lidah_buaya/lb3.jpg,Lidah Buaya
gs://tanaman/tanaman/lidah_buaya/lb18.jpg,Lidah Buaya
gs://tanaman/tanaman/lidah_buaya/lb17.jpg,Lidah Buaya
gs://tanaman/tanaman/lidah_buaya/lb1.jpeg,Lidah Buaya
gs://tanaman/tanaman/lidah_buaya/lb9.jpg,Lidah Buaya
gs://tanaman/tanaman/lidah_buaya/lb7.jpg,Lidah Buaya
gs://tanaman/tanaman/lidah_buaya/lb4.jpg,Lidah Buaya
gs://tanaman/tanaman/lidah_buaya/lb8.jpg,Lidah Buaya
gs://tanaman/tanaman/lidah_buaya/lb2.jpg,Lidah Buaya
gs://tanaman/tanaman/bunga_matahari/mt11.jpg,Bunga Matahari
gs://tanaman/tanaman/bunga_matahari/mt8.jpg,Bunga Matahari
gs://tanaman/tanaman/bunga_matahari/mt17.jpg,Bunga Matahari
gs://tanaman/tanaman/bunga_matahari/mt19.jpg,Bunga Matahari
gs://tanaman/tanaman/bunga_matahari/mt23.jpg,Bunga Matahari
gs://tanaman/tanaman/bunga_matahari/mt14.jpg,Bunga Matahari
gs://tanaman/tanaman/bunga_matahari/mt10.jpg,Bunga Matahari
gs://tanaman/tanaman/bunga_matahari/mt4.jpg,Bunga Matahari
gs://tanaman/tanaman/bunga_matahari/mt12.jpg,Bunga Matahari
gs://tanaman/tanaman/bunga_matahari/mt20.jpg,Bunga Matahari
gs://tanaman/tanaman/bunga_matahari/mt7.jpg,Bunga Matahari
gs://tanaman/tanaman/bunga_matahari/mt3.jpg,Bunga Matahari
gs://tanaman/tanaman/bunga_matahari/mt22.jpg,Bunga Matahari
gs://tanaman/tanaman/bunga_matahari/mt5.jpg,Bunga Matahari
gs://tanaman/tanaman/bunga_matahari/mt25.jpg,Bunga Matahari
gs://tanaman/tanaman/bunga_matahari/mt9.jpg,Bunga Matahari
gs://tanaman/tanaman/bunga_matahari/mt1.jpg,Bunga Matahari
gs://tanaman/tanaman/bunga_matahari/mt15.jpg,Bunga Matahari
gs://tanaman/tanaman/bunga_matahari/mt24.jpg,Bunga Matahari
gs://tanaman/tanaman/bunga_matahari/mt21.jpg,Bunga Matahari
gs://tanaman/tanaman/bunga_matahari/mt2.jpg,Bunga Matahari
gs://tanaman/tanaman/bunga_matahari/mt18.jpg,Bunga Matahari
gs://tanaman/tanaman/bunga_matahari/mt16.jpg,Bunga Matahari
gs://tanaman/tanaman/bunga_matahari/mt13.jpg,Bunga Matahari
gs://tanaman/tanaman/bunga_matahari/mt6.jpg,Bunga Matahari
gs://tanaman/tanaman/daun_kelor/ke24.jpg,Daun Kelor
gs://tanaman/tanaman/daun_kelor/ke16.jpg,Daun Kelor
gs://tanaman/tanaman/daun_kelor/ke9.jpg,Daun Kelor
gs://tanaman/tanaman/daun_kelor/ke8.jpg,Daun Kelor
gs://tanaman/tanaman/daun_kelor/ke14.jpg,Daun Kelor
gs://tanaman/tanaman/daun_kelor/ke20.jpg,Daun Kelor
gs://tanaman/tanaman/daun_kelor/ke12.jpg,Daun Kelor
gs://tanaman/tanaman/daun_kelor/ke4.jpg,Daun Kelor
gs://tanaman/tanaman/daun_kelor/ke7.jpg,Daun Kelor
gs://tanaman/tanaman/daun_kelor/ke3.jpg,Daun Kelor
gs://tanaman/tanaman/daun_kelor/ke15.jpg,Daun Kelor
gs://tanaman/tanaman/daun_kelor/ke17.jpg,Daun Kelor
gs://tanaman/tanaman/daun_kelor/ke6.jpg,Daun Kelor
gs://tanaman/tanaman/daun_kelor/ke13.jpg,Daun Kelor
gs://tanaman/tanaman/daun_kelor/ke1.jpg,Daun Kelor
gs://tanaman/tanaman/daun_kelor/ke2.jpg,Daun Kelor
gs://tanaman/tanaman/daun_kelor/ke22.jpg,Daun Kelor
gs://tanaman/tanaman/daun_kelor/ke18.jpg,Daun Kelor
gs://tanaman/tanaman/daun_kelor/ke11.jpg,Daun Kelor
gs://tanaman/tanaman/daun_kelor/ke19.jpg,Daun Kelor
gs://tanaman/tanaman/daun_kelor/ke23.jpg,Daun Kelor
gs://tanaman/tanaman/daun_kelor/ke10.jpg,Daun Kelor
gs://tanaman/tanaman/daun_seledri/se14.jpg,Daun Seledri
gs://tanaman/tanaman/daun_seledri/se6.jpg,Daun Seledri
gs://tanaman/tanaman/daun_seledri/se8.jpg,Daun Seledri
gs://tanaman/tanaman/daun_seledri/se9.jpg,Daun Seledri
gs://tanaman/tanaman/daun_seledri/se20.jpg,Daun Seledri
gs://tanaman/tanaman/daun_seledri/se17.jpg,Daun Seledri
gs://tanaman/tanaman/daun_seledri/se5.jpg,Daun Seledri
gs://tanaman/tanaman/daun_seledri/se24.jpg,Daun Seledri
gs://tanaman/tanaman/daun_seledri/se19.jpg,Daun Seledri
gs://tanaman/tanaman/daun_seledri/se1.jpg,Daun Seledri
gs://tanaman/tanaman/daun_seledri/se18.jpg,Daun Seledri
gs://tanaman/tanaman/daun_seledri/se10.jpg,Daun Seledri
gs://tanaman/tanaman/daun_seledri/se22.jpg,Daun Seledri
gs://tanaman/tanaman/daun_seledri/se23.jpg,Daun Seledri
gs://tanaman/tanaman/daun_seledri/se13.jpg,Daun Seledri
gs://tanaman/tanaman/daun_seledri/se16.jpg,Daun Seledri
gs://tanaman/tanaman/daun_seledri/se7.jpg,Daun Seledri
gs://tanaman/tanaman/daun_seledri/se3.jpg,Daun Seledri
gs://tanaman/tanaman/daun_seledri/se11.jpg,Daun Seledri
gs://tanaman/tanaman/daun_seledri/se4.jpg,Daun Seledri
gs://tanaman/tanaman/daun_seledri/se12.jpg,Daun Seledri
gs://tanaman/tanaman/daun_seledri/se2.jpg,Daun Seledri
gs://tanaman/tanaman/daun_seledri/se21.jpg,Daun Seledri
gs://tanaman/tanaman/daun_seledri/se15.jpg,Daun Seledri
gs://tanaman/tanaman/cabai_merah/cm13.jpg,Cabai Merah
gs://tanaman/tanaman/cabai_merah/cm3.jpg,Cabai Merah
gs://tanaman/tanaman/cabai_merah/cm6.jpg,Cabai Merah
gs://tanaman/tanaman/cabai_merah/cm12.jpg,Cabai Merah
gs://tanaman/tanaman/cabai_merah/cm11.jpg,Cabai Merah
gs://tanaman/tanaman/cabai_merah/cm16.jpg,Cabai Merah
gs://tanaman/tanaman/cabai_merah/cm18.jpg,Cabai Merah
gs://tanaman/tanaman/cabai_merah/cm15.jpg,Cabai Merah
gs://tanaman/tanaman/cabai_merah/cm17.jpg,Cabai Merah
gs://tanaman/tanaman/cabai_merah/cm8.jpg,Cabai Merah
gs://tanaman/tanaman/cabai_merah/cm9.jpg,Cabai Merah
gs://tanaman/tanaman/cabai_merah/cm7.jpg,Cabai Merah
gs://tanaman/tanaman/cabai_merah/cm10.jpg,Cabai Merah
gs://tanaman/tanaman/cabai_merah/cm14.jpg,Cabai Merah
gs://tanaman/tanaman/cabai_merah/cm19.jpg,Cabai Merah
gs://tanaman/tanaman/cabai_merah/cm20.jpg,Cabai Merah
gs://tanaman/tanaman/cabai_merah/cm5.jpg,Cabai Merah
gs://tanaman/tanaman/daun_jambu_biji/jb24.jpg,Daun Jambu Biji
gs://tanaman/tanaman/daun_jambu_biji/jb8.jpg,Daun Jambu Biji
gs://tanaman/tanaman/daun_jambu_biji/jb19.png,Daun Jambu Biji
gs://tanaman/tanaman/daun_jambu_biji/jb12.jpg,Daun Jambu Biji
gs://tanaman/tanaman/daun_jambu_biji/jb16.jpg,Daun Jambu Biji
gs://tanaman/tanaman/daun_jambu_biji/jb4.jpg,Daun Jambu Biji
gs://tanaman/tanaman/daun_jambu_biji/jb2.jpg,Daun Jambu Biji
gs://tanaman/tanaman/daun_jambu_biji/jb9.jpg,Daun Jambu Biji
gs://tanaman/tanaman/daun_jambu_biji/jb17.jpg,Daun Jambu Biji
gs://tanaman/tanaman/daun_jambu_biji/jb7.jpg,Daun Jambu Biji
gs://tanaman/tanaman/daun_jambu_biji/jb10.jpg,Daun Jambu Biji
gs://tanaman/tanaman/daun_jambu_biji/jb1.jpg,Daun Jambu Biji
gs://tanaman/tanaman/daun_jambu_biji/jb23.jpg,Daun Jambu Biji
gs://tanaman/tanaman/daun_jambu_biji/jb5.jpg,Daun Jambu Biji
gs://tanaman/tanaman/daun_jambu_biji/jb13.jpg,Daun Jambu Biji
gs://tanaman/tanaman/daun_jambu_biji/jb22.jpg,Daun Jambu Biji
gs://tanaman/tanaman/daun_jambu_biji/jb21.jpg,Daun Jambu Biji
gs://tanaman/tanaman/daun_jambu_biji/jb11.jpg,Daun Jambu Biji
gs://tanaman/tanaman/daun_jambu_biji/jb15.jpg,Daun Jambu Biji
gs://tanaman/tanaman/daun_jambu_biji/jb6.jpg,Daun Jambu Biji
gs://tanaman/tanaman/daun_jambu_biji/jb14.jpg,Daun Jambu Biji
gs://tanaman/tanaman/daun_jambu_biji/jb18.jpg,Daun Jambu Biji
gs://tanaman/tanaman/daun_jambu_biji/jb3.jpg,Daun Jambu Biji
gs://tanaman/tanaman/daun_jambu_biji/jb20.jpg,Daun Jambu Biji
gs://tanaman/tanaman/daun_jambu_biji/jb25.jpg,Daun Jambu Biji
